,CensusTract,State,County,pop_with_low_access,percent_with_low_access
18292,12133970302,Florida,Washington,3880.64512447449,0.586643253888813
14138,12003040201,Florida,Baker,2069.53757551415,0.275241066034599
16691,12093910102,Florida,Okeechobee,1756.28556241666,0.622575527265744
18232,12127090102,Florida,Volusia,1723.07333179453,0.496133985544064
15141,12043000200,Florida,Glades,1706.0671785277,0.248335833846827
18148,12121970302,Florida,Suwannee,1697.04129057957,0.274424529524511
15557,12059960200,Florida,Holmes,1610.16747054969,0.290434247934649
15606,12069030102,Florida,Lake,1594.71385439686,0.454075698860154
15982,12081002010,Florida,Manatee,1542.93754368538,0.383910809575862
16949,12097043800,Florida,Osceola,1462.85267582305,0.203343435616215
15991,12083000200,Florida,Marion,1424.1361887374,0.196975959714717
15908,12079110200,Florida,Madison,1377.79153953291,0.382826212707117
14823,12021011102,Florida,Collier,1301.1642136858,0.178461694374682
18155,12123950400,Florida,Taylor,1148.68679485689,0.145827954152202
15161,12051000600,Florida,Hendry,1098.82759605107,0.196993115104172
16690,12093910101,Florida,Okeechobee,1078.456262436,0.186907497822531
15603,12065250200,Florida,Jefferson,948.815867599579,0.21662462730584
18281,12131950400,Florida,Walton,923.86488388872,0.313706242407036
15902,12075970500,Florida,Levy,904.732146884565,0.114465099555233
15149,12047960300,Florida,Hamilton,881.439116324633,0.500817679729906
15895,12073002702,Florida,Leon,868.843303565451,0.177134210716708
14843,12023110901,Florida,Columbia,859.032661196928,0.153508338312532
18291,12133970301,Florida,Washington,807.312067918429,0.353773912321836
14845,12023110904,Florida,Columbia,719.655912198468,0.12348248321868
14140,12005000201,Florida,Bay,685.226624414137,0.161686320059966
18150,12121970500,Florida,Suwannee,676.885625591861,0.074252481964882
14663,12013010200,Florida,Calhoun,648.707475374259,0.162339208051617
15221,12055961000,Florida,Highlands,628.368220195505,0.141779833076603
17921,12113010100,Florida,Santa Rosa,611.224515544659,0.156563656645661
15148,12047960200,Florida,Hamilton,581.753883909234,0.120321382401083
18231,12127090101,Florida,Volusia,564.317442118594,0.118603918057712
15154,12049970300,Florida,Hardee,552.638344041861,0.067650672547663
17810,12105015702,Florida,Polk,548.606482196769,0.130994862033613
14857,12029970200,Florida,Dixie,536.116930304937,0.130728341942194
15905,12077950100,Florida,Liberty,517.692207477418,0.245701095148276
15901,12075970400,Florida,Levy,499.390070112627,0.151836445762429
17730,12105012306,Florida,Polk,479.021100801396,0.190465646441907
18290,12133970200,Florida,Washington,473.386148890645,0.130625317022805
15134,12039020800,Florida,Gadsden,452.2118274672,0.094823197204278
15600,12063211100,Florida,Jackson,450.965925521972,0.104269578155369
15228,12055961601,Florida,Highlands,448.518690659667,0.34030249670688
16616,12087971002,Florida,Monroe,446.527030932425,0.292996739456972
18158,12125960300,Florida,Union,427.271273145721,0.09505478824154
15151,12049970102,Florida,Hardee,421.535935396236,0.110147879643647
15610,12069030107,Florida,Lake,417.662686683353,0.071419748064869
17813,12105015900,Florida,Polk,416.475323241887,0.168204896301247
17812,12105015802,Florida,Polk,383.368394588382,0.098400511958004
18153,12123950200,Florida,Taylor,355.092907701356,0.068025461245471
17808,12105015600,Florida,Polk,353.18216156055,0.126770337961432
17783,12105014203,Florida,Polk,339.509403858399,0.133507433683995
15911,12079110400,Florida,Madison,337.155547441134,0.090657581995465
18276,12131950101,Florida,Walton,318.466661768059,0.051208660840659
15977,12081001914,Florida,Manatee,317.538366168869,0.109533758595678
15990,12083000100,Florida,Marion,309.658513153321,0.05718532098861
18282,12131950501,Florida,Walton,305.54477805419,0.08217987575422
16624,12087971600,Florida,Monroe,302.535102702349,0.155305494200385
15155,12049970400,Florida,Hardee,293.825212324015,0.045065216614113
15099,12033003800,Florida,Escambia,293.179470873206,0.067150588839489
14844,12023110903,Florida,Columbia,290.783589658338,0.071533478390735
18293,12133970303,Florida,Washington,285.525563668597,0.068619457742994
16506,12086011500,Florida,Miami-Dade,281.235151081738,0.042753899525956
14847,12027010102,Florida,DeSoto,276.444826988722,0.058968606439574
14836,12023110300,Florida,Columbia,275.837129358935,0.032620284928919
15140,12043000100,Florida,Glades,273.130175682939,0.120534058112506
15146,12045960300,Florida,Gulf,271.060300695103,0.060912427122495
14145,12005000600,Florida,Bay,261.571719461906,0.243322529732006
15604,12067960100,Florida,Lafayette,247.287735870694,0.078156680110839
16649,12091020100,Florida,Okaloosa,246.119305604482,0.032013437253445
15100,12033003900,Florida,Escambia,240.625932681474,0.047479465801396
14665,12015010100,Florida,Charlotte,237.477941267225,0.061891566658125
17822,12107950202,Florida,Putnam,234.795070990512,0.065238974990418
18146,12121970200,Florida,Suwannee,217.257434254221,0.049795423849237
15906,12077950200,Florida,Liberty,205.355564388125,0.032814887246425
17863,12109021102,Florida,St. Johns,195.469543697872,0.043264617905682
18277,12131950102,Florida,Walton,188.429840463821,0.061881721006181
18230,12127083209,Florida,Volusia,158.489888047371,0.032278999602316
17862,12109021101,Florida,St. Johns,146.312080195772,0.026787272097359
15158,12051000300,Florida,Hendry,142.508367494663,0.018260938940885
15145,12045960200,Florida,Gulf,132.884073765191,0.043200284058905
15907,12079110100,Florida,Madison,123.3865437851,0.038141126363246
16695,12093910401,Florida,Okeechobee,120.299587833113,0.036421310273422
17924,12113010400,Florida,Santa Rosa,116.795974109984,0.04434167582004
16650,12091020200,Florida,Okaloosa,115.472901196262,0.060110828316639
17922,12113010200,Florida,Santa Rosa,115.170450527679,0.026902698091025
15602,12065250102,Florida,Jefferson,112.769095557356,0.025082094207597
14121,12001002101,Florida,Alachua,106.251720376545,0.057808335351766
15597,12063210800,Florida,Jackson,103.389691411453,0.019423199588851
14854,12027010406,Florida,DeSoto,95.189857907455,0.022909713094454
15558,12059960300,Florida,Holmes,93.0927238065208,0.02925604142254
17820,12107950100,Florida,Putnam,92.6568359449447,0.022187939641989
14753,12019031105,Florida,Clay,90.0391012722393,0.041723401887043
15144,12045960100,Florida,Gulf,86.2595587772993,0.010346594551673
16049,12083002701,Florida,Marion,78.8081133542582,0.013183023311184
16652,12091020302,Florida,Okaloosa,76.6984097110107,0.013052826703712
14835,12023110202,Florida,Columbia,66.8401718204841,0.011468800930076
17729,12105012305,Florida,Polk,65.624131033197,0.039295886846226
18272,12129010100,Florida,Wakulla,64.192669410429,0.012166919903417
14842,12023110800,Florida,Columbia,63.0616158942284,0.010818599398564
15650,12069031202,Florida,Lake,62.6214014316515,0.010282660333605
15899,12075970301,Florida,Levy,61.810133119201,0.044087113494437
14662,12013010100,Florida,Calhoun,60.839066215711,0.02500578142857
16648,12089050504,Florida,Nassau,60.246913449213,0.014842797105004
17919,12111382200,Florida,St. Lucie,53.3094455939706,0.008675255588929
18133,12119910700,Florida,Sumter,51.9161089924164,0.00928565712617
14186,12007000300,Florida,Bradford,51.7209082060144,0.006774185750624
17802,12105015302,Florida,Polk,50.2447977596893,0.01751910661077
15588,12061050904,Florida,Indian River,49.765765803181,0.006894675229036
16044,12083002601,Florida,Marion,49.5618775515467,0.007551710734656
15135,12041950100,Florida,Gilchrist,45.6389045268297,0.008517899314451
17936,12113010808,Florida,Santa Rosa,44.5890659521828,0.005878584832193
15109,12035060206,Florida,Flagler,36.0363004904682,0.00756429481328
15605,12067960200,Florida,Lafayette,32.8967623728469,0.005765293090229
18152,12123950100,Florida,Taylor,30.8316280722709,0.008980957783941
15884,12073002508,Florida,Leon,28.1353012367708,0.003104071186758
17817,12105016100,Florida,Polk,28.085923678911,0.022325853480851
14284,12009071100,Florida,Brevard,27.9565599463646,0.007205298955249
15556,12059960100,Florida,Holmes,27.5366658288985,0.006971307804784
15153,12049970202,Florida,Hardee,21.8300274551138,0.02276332372796
16000,12083000604,Florida,Marion,21.533454845914,0.005920663966432
15599,12063211000,Florida,Jackson,21.3211812590889,0.003991235728021
18219,12127083003,Florida,Volusia,19.647787304013,0.003327313683999
15898,12075970200,Florida,Levy,18.5195914679161,0.004603428155087
14856,12029970102,Florida,Dixie,17.4975414562213,0.00238678781288
15980,12081002007,Florida,Manatee,16.3492751060599,0.003819031793053
18274,12129010202,Florida,Wakulla,15.8046543816835,0.001896862023726
15229,12055961602,Florida,Highlands,14.9082066808914,0.014390160888891
14852,12027010404,Florida,DeSoto,14.791155491738,0.004523289141204
17811,12105015801,Florida,Polk,14.1498775482177,0.006556940476468
14119,12001001908,Florida,Alachua,13.138414455698,0.002796597372435
15591,12063210200,Florida,Jackson,13.0083586769178,0.008689618354655
15147,12047960100,Florida,Hamilton,12.8991305855106,0.001572297731047
14122,12001002102,Florida,Alachua,12.4735926273569,0.013543531625795
14851,12027010403,Florida,DeSoto,11.4165601472777,0.003846549914851
14846,12027010101,Florida,DeSoto,11.3693283537359,0.002438200376096
18156,12125960100,Florida,Union,10.4685073196887,0.002813358591693
18280,12131950302,Florida,Walton,10.138512102887,0.001869884194557
18029,12115002713,Florida,Sarasota,9.13015495341096,0.001119989567396
14724,12017451300,Florida,Citrus,9.04062143713235,0.002734610235067
16505,12086011404,Florida,Miami-Dade,8.23328298015974,0.001324104692853
18151,12121970600,Florida,Suwannee,8.1063491058594,0.001181855825318
14828,12021011202,Florida,Collier,7.79733500720135,0.000414641585068
17825,12107950500,Florida,Putnam,7.73026964992277,0.001175527623163
17833,12107951300,Florida,Putnam,6.46456816792488,0.001724344670025
17737,12105012407,Florida,Polk,6.4371780809015,0.004858247608228
14120,12001002000,Florida,Alachua,5.51601681922306,0.00097507810133
15123,12037970200,Florida,Franklin,4.62614216337815,0.001497618052243
17734,12105012404,Florida,Polk,4.43748513616265,0.001627837540779
17395,12101032402,Florida,Pasco,2.82504265941679,0.000828701278796
14725,12017451400,Florida,Citrus,2.53716141241602,0.000532011199919
14144,12005000500,Florida,Bay,2.33395809223293,0.000377540940186
15593,12063210400,Florida,Jackson,2.2030333476996,0.000583739625782
17733,12105012403,Florida,Polk,1.90467905336117,0.000191984583546
16622,12087971501,Florida,Monroe,1.64452088018879,0.00093279686908
14760,12019031500,Florida,Clay,1.54883909039199,0.000476419283418
15996,12083000501,Florida,Marion,1.50463230066816,0.000742295165599
15124,12037970302,Florida,Franklin,1.31789171777381,0.000470004178949
18145,12121970100,Florida,Suwannee,1.14340493583586,0.000184123178073
16833,12095016601,Florida,Orange,1.09406051649421,0.000105016367488
16045,12083002602,Florida,Marion,1.02741014584899,0.000166544034017
15987,12081002015,Florida,Manatee,0.749745599925518,0.000137593246454
14793,12021010413,Florida,Collier,0.717670999467373,0.000109002278169
15122,12037970100,Florida,Franklin,0.661664902088887,0.000166834317219
15163,12053040101,Florida,Hernando,0.492374201770872,0.000102899519701
15110,12035060207,Florida,Flagler,0.370900170877576,6.7893130309e-05
16647,12089050503,Florida,Nassau,0.338877618312836,5.690640106e-05
15601,12065250101,Florida,Jefferson,0.326069226252002,5.5406835387e-05
15877,12073002413,Florida,Leon,0.208421132828335,8.4586498713e-05
15150,12049970101,Florida,Hardee,0.101095750927925,2.4383924488e-05
18235,12127090204,Florida,Volusia,0.06943961919751,1.0023039723e-05
17819,12105980000,Florida,Polk,0.003259170567617,0.001086390189206
17732,12105012309,Florida,Polk,0.001918793655932,1.215965561e-06
18136,12119911000,Florida,Sumter,0.0,0.0
18066,12117021100,Florida,Seminole,0.0,0.0
18067,12117021201,Florida,Seminole,0.0,0.0
18072,12117021311,Florida,Seminole,0.0,0.0
18126,12119910100,Florida,Sumter,0.0,0.0
18127,12119910300,Florida,Sumter,0.0,0.0
18129,12119910402,Florida,Sumter,0.0,0.0
18130,12119910500,Florida,Sumter,0.0,0.0
18131,12119910601,Florida,Sumter,0.0,0.0
18132,12119910602,Florida,Sumter,0.0,0.0
18135,12119910900,Florida,Sumter,0.0,0.0
18138,12119911301,Florida,Sumter,0.0,0.0
17960,12115000700,Florida,Sarasota,0.0,0.0
18140,12119911400,Florida,Sumter,0.0,0.0
18141,12119911500,Florida,Sumter,0.0,0.0
18144,12119980000,Florida,Sumter,0.0,0.0
18147,12121970301,Florida,Suwannee,0.0,0.0
18149,12121970400,Florida,Suwannee,0.0,0.0
18159,12127080100,Florida,Volusia,0.0,0.0
18212,12127082704,Florida,Volusia,0.0,0.0
18218,12127082904,Florida,Volusia,0.0,0.0
18227,12127083206,Florida,Volusia,0.0,0.0
18228,12127083207,Florida,Volusia,0.0,0.0
18033,12115002718,Florida,Sarasota,0.0,0.0
17937,12113010809,Florida,Santa Rosa,0.0,0.0
17857,12109020901,Florida,St. Johns,0.0,0.0
17830,12107951000,Florida,Putnam,0.0,0.0
17831,12107951100,Florida,Putnam,0.0,0.0
17832,12107951200,Florida,Putnam,0.0,0.0
17834,12107951401,Florida,Putnam,0.0,0.0
17835,12107951402,Florida,Putnam,0.0,0.0
17836,12107980000,Florida,Putnam,0.0,0.0
17841,12109020601,Florida,St. Johns,0.0,0.0
17842,12109020602,Florida,St. Johns,0.0,0.0
17855,12109020806,Florida,St. Johns,0.0,0.0
17856,12109020807,Florida,St. Johns,0.0,0.0
17858,12109020902,Florida,St. Johns,0.0,0.0
17933,12113010707,Florida,Santa Rosa,0.0,0.0
17860,12109021003,Florida,St. Johns,0.0,0.0
17861,12109021004,Florida,St. Johns,0.0,0.0
17864,12109021103,Florida,St. Johns,0.0,0.0
17867,12109021205,Florida,St. Johns,0.0,0.0
17876,12109990100,Florida,St. Johns,0.0,0.0
17884,12111380800,Florida,St. Lucie,0.0,0.0
17920,12111980000,Florida,St. Lucie,0.0,0.0
17925,12113010502,Florida,Santa Rosa,0.0,0.0
17927,12113010504,Florida,Santa Rosa,0.0,0.0
17929,12113010702,Florida,Santa Rosa,0.0,0.0
18236,12127090303,Florida,Volusia,0.0,0.0
18247,12127090804,Florida,Volusia,0.0,0.0
18248,12127090805,Florida,Volusia,0.0,0.0
18254,12127091005,Florida,Volusia,0.0,0.0
18270,12127091029,Florida,Volusia,0.0,0.0
18273,12129010201,Florida,Wakulla,0.0,0.0
18275,12129010203,Florida,Wakulla,0.0,0.0
18278,12131950200,Florida,Walton,0.0,0.0
18283,12131950502,Florida,Walton,0.0,0.0
18285,12131950602,Florida,Walton,0.0,0.0
18287,12133970102,Florida,Washington,0.0,0.0
18288,12133970103,Florida,Washington,0.0,0.0
18289,12133970104,Florida,Washington,0.0,0.0
17823,12107950300,Florida,Putnam,0.0,0.0
17824,12107950400,Florida,Putnam,0.0,0.0
17821,12107950201,Florida,Putnam,0.0,0.0
17805,12105015404,Florida,Polk,0.0,0.0
15131,12039020600,Florida,Gadsden,0.0,0.0
15101,12033004000,Florida,Escambia,0.0,0.0
15111,12035060208,Florida,Flagler,0.0,0.0
15118,12035060301,Florida,Flagler,0.0,0.0
15121,12035060304,Florida,Flagler,0.0,0.0
15125,12037970304,Florida,Franklin,0.0,0.0
15126,12039020101,Florida,Gadsden,0.0,0.0
15127,12039020102,Florida,Gadsden,0.0,0.0
15128,12039020300,Florida,Gadsden,0.0,0.0
15129,12039020400,Florida,Gadsden,0.0,0.0
15130,12039020500,Florida,Gadsden,0.0,0.0
15133,12039020702,Florida,Gadsden,0.0,0.0
15096,12033003613,Florida,Escambia,0.0,0.0
15136,12041950201,Florida,Gilchrist,0.0,0.0
15137,12041950202,Florida,Gilchrist,0.0,0.0
15138,12041950203,Florida,Gilchrist,0.0,0.0
15139,12041950204,Florida,Gilchrist,0.0,0.0
15143,12043990000,Florida,Glades,0.0,0.0
15157,12051000200,Florida,Hendry,0.0,0.0
15159,12051000401,Florida,Hendry,0.0,0.0
15162,12051990000,Florida,Hendry,0.0,0.0
15164,12053040102,Florida,Hernando,0.0,0.0
15165,12053040201,Florida,Hernando,0.0,0.0
15098,12033003700,Florida,Escambia,0.0,0.0
15089,12033003603,Florida,Escambia,0.0,0.0
14722,12017451102,Florida,Citrus,0.0,0.0
14826,12021011106,Florida,Collier,0.0,0.0
14726,12017451501,Florida,Citrus,0.0,0.0
14730,12017451700,Florida,Citrus,0.0,0.0
14731,12019030102,Florida,Clay,0.0,0.0
14733,12019030104,Florida,Clay,0.0,0.0
14752,12019031104,Florida,Clay,0.0,0.0
14754,12019031106,Florida,Clay,0.0,0.0
14755,12019031107,Florida,Clay,0.0,0.0
14758,12019031300,Florida,Clay,0.0,0.0
14792,12021010412,Florida,Collier,0.0,0.0
14816,12021010803,Florida,Collier,0.0,0.0
14834,12023110201,Florida,Columbia,0.0,0.0
15029,12031017300,Florida,Duval,0.0,0.0
14839,12023110601,Florida,Columbia,0.0,0.0
14840,12023110602,Florida,Columbia,0.0,0.0
14853,12027010405,Florida,DeSoto,0.0,0.0
14855,12029970101,Florida,Dixie,0.0,0.0
14885,12031010101,Florida,Duval,0.0,0.0
14887,12031010103,Florida,Duval,0.0,0.0
14890,12031010301,Florida,Duval,0.0,0.0
14896,12031010600,Florida,Duval,0.0,0.0
14975,12031014412,Florida,Duval,0.0,0.0
14978,12031014601,Florida,Duval,0.0,0.0
15166,12053040202,Florida,Hernando,0.0,0.0
15167,12053040301,Florida,Hernando,0.0,0.0
15168,12053040302,Florida,Hernando,0.0,0.0
15528,12057014007,Florida,Hillsborough,0.0,0.0
15401,12057011518,Florida,Hillsborough,0.0,0.0
15450,12057012401,Florida,Hillsborough,0.0,0.0
15465,12057013100,Florida,Hillsborough,0.0,0.0
15500,12057013602,Florida,Hillsborough,0.0,0.0
15501,12057013604,Florida,Hillsborough,0.0,0.0
15511,12057013903,Florida,Hillsborough,0.0,0.0
15512,12057013907,Florida,Hillsborough,0.0,0.0
15516,12057013914,Florida,Hillsborough,0.0,0.0
15522,12057013920,Florida,Hillsborough,0.0,0.0
15527,12057014003,Florida,Hillsborough,0.0,0.0
15538,12057014104,Florida,Hillsborough,0.0,0.0
15169,12053040303,Florida,Hernando,0.0,0.0
15544,12057014119,Florida,Hillsborough,0.0,0.0
15545,12057014121,Florida,Hillsborough,0.0,0.0
15547,12057980100,Florida,Hillsborough,0.0,0.0
15548,12057980200,Florida,Hillsborough,0.0,0.0
15549,12057980300,Florida,Hillsborough,0.0,0.0
15550,12057980400,Florida,Hillsborough,0.0,0.0
15551,12057980500,Florida,Hillsborough,0.0,0.0
15552,12057980600,Florida,Hillsborough,0.0,0.0
15554,12057990000,Florida,Hillsborough,0.0,0.0
15555,12057990100,Florida,Hillsborough,0.0,0.0
15360,12057011008,Florida,Hillsborough,0.0,0.0
15334,12057010304,Florida,Hillsborough,0.0,0.0
15332,12057010214,Florida,Hillsborough,0.0,0.0
15331,12057010213,Florida,Hillsborough,0.0,0.0
15173,12053040601,Florida,Hernando,0.0,0.0
15174,12053040602,Florida,Hernando,0.0,0.0
15175,12053040701,Florida,Hernando,0.0,0.0
15185,12053040910,Florida,Hernando,0.0,0.0
15204,12053041501,Florida,Hernando,0.0,0.0
15206,12053041600,Florida,Hernando,0.0,0.0
15207,12053990000,Florida,Hernando,0.0,0.0
15208,12055960101,Florida,Highlands,0.0,0.0
15211,12055960200,Florida,Highlands,0.0,0.0
15214,12055960501,Florida,Highlands,0.0,0.0
15218,12055960700,Florida,Highlands,0.0,0.0
15220,12055960900,Florida,Highlands,0.0,0.0
15224,12055961301,Florida,Highlands,0.0,0.0
15225,12055961302,Florida,Highlands,0.0,0.0
15226,12055961400,Florida,Highlands,0.0,0.0
15232,12055980000,Florida,Highlands,0.0,0.0
15233,12055980100,Florida,Highlands,0.0,0.0
15234,12055980200,Florida,Highlands,0.0,0.0
15319,12057010103,Florida,Hillsborough,0.0,0.0
15322,12057010107,Florida,Hillsborough,0.0,0.0
15323,12057010108,Florida,Hillsborough,0.0,0.0
14723,12017451200,Florida,Citrus,0.0,0.0
14721,12017451101,Florida,Citrus,0.0,0.0
15578,12061050704,Florida,Indian River,0.0,0.0
14717,12017450800,Florida,Citrus,0.0,0.0
14300,12009980100,Florida,Brevard,0.0,0.0
14185,12007000200,Florida,Bradford,0.0,0.0
14187,12007000400,Florida,Bradford,0.0,0.0
14200,12009061202,Florida,Brevard,0.0,0.0
14214,12009063000,Florida,Brevard,0.0,0.0
14249,12009065231,Florida,Brevard,0.0,0.0
14250,12009065234,Florida,Brevard,0.0,0.0
14252,12009065236,Florida,Brevard,0.0,0.0
14267,12009068102,Florida,Brevard,0.0,0.0
14275,12009069100,Florida,Brevard,0.0,0.0
14288,12009071332,Florida,Brevard,0.0,0.0
14576,12011090102,Florida,Broward,0.0,0.0
14622,12011110301,Florida,Broward,0.0,0.0
14661,12011980000,Florida,Broward,0.0,0.0
14673,12015010501,Florida,Charlotte,0.0,0.0
14674,12015010502,Florida,Charlotte,0.0,0.0
14701,12015030502,Florida,Charlotte,0.0,0.0
14703,12015990000,Florida,Charlotte,0.0,0.0
14705,12017450102,Florida,Citrus,0.0,0.0
14709,12017450303,Florida,Citrus,0.0,0.0
14711,12017450400,Florida,Citrus,0.0,0.0
14712,12017450500,Florida,Citrus,0.0,0.0
14184,12007000100,Florida,Bradford,0.0,0.0
14183,12005990000,Florida,Bay,0.0,0.0
14178,12005002701,Florida,Bay,0.0,0.0
14146,12005000700,Florida,Bay,0.0,0.0
14086,12001000700,Florida,Alachua,0.0,0.0
14109,12001001801,Florida,Alachua,0.0,0.0
14110,12001001802,Florida,Alachua,0.0,0.0
14112,12001001805,Florida,Alachua,0.0,0.0
14113,12001001806,Florida,Alachua,0.0,0.0
14118,12001001907,Florida,Alachua,0.0,0.0
14123,12001002201,Florida,Alachua,0.0,0.0
14124,12001002202,Florida,Alachua,0.0,0.0
14128,12001002208,Florida,Alachua,0.0,0.0
14129,12001002209,Florida,Alachua,0.0,0.0
14130,12001002210,Florida,Alachua,0.0,0.0
14134,12001002220,Florida,Alachua,0.0,0.0
14139,12003040202,Florida,Baker,0.0,0.0
14141,12005000202,Florida,Bay,0.0,0.0
14142,12005000300,Florida,Bay,0.0,0.0
14143,12005000400,Florida,Bay,0.0,0.0
15569,12061050505,Florida,Indian River,0.0,0.0
15585,12061050808,Florida,Indian River,0.0,0.0
16943,12097043301,Florida,Osceola,0.0,0.0
16884,12095017501,Florida,Orange,0.0,0.0
16893,12095017805,Florida,Orange,0.0,0.0
16898,12095017902,Florida,Orange,0.0,0.0
16908,12095990000,Florida,Orange,0.0,0.0
16909,12097040801,Florida,Osceola,0.0,0.0
16910,12097040802,Florida,Osceola,0.0,0.0
16936,12097043100,Florida,Osceola,0.0,0.0
16937,12097043201,Florida,Osceola,0.0,0.0
16938,12097043202,Florida,Osceola,0.0,0.0
16942,12097043206,Florida,Osceola,0.0,0.0
16948,12097043700,Florida,Osceola,0.0,0.0
16856,12095016804,Florida,Orange,0.0,0.0
17183,12099007414,Florida,Palm Beach,0.0,0.0
17205,12099007713,Florida,Palm Beach,0.0,0.0
17237,12099007759,Florida,Palm Beach,0.0,0.0
17247,12099007809,Florida,Palm Beach,0.0,0.0
17256,12099007823,Florida,Palm Beach,0.0,0.0
17257,12099007828,Florida,Palm Beach,0.0,0.0
17274,12099008101,Florida,Palm Beach,0.0,0.0
17280,12099008302,Florida,Palm Beach,0.0,0.0
17281,12099980000,Florida,Palm Beach,0.0,0.0
17282,12099980100,Florida,Palm Beach,0.0,0.0
16875,12095017103,Florida,Orange,0.0,0.0
16854,12095016802,Florida,Orange,0.0,0.0
16532,12086014100,Florida,Miami-Dade,0.0,0.0
16625,12087971700,Florida,Monroe,0.0,0.0
16597,12086980200,Florida,Miami-Dade,0.0,0.0
16599,12086980400,Florida,Miami-Dade,0.0,0.0
16601,12086980600,Florida,Miami-Dade,0.0,0.0
16604,12086980900,Florida,Miami-Dade,0.0,0.0
16605,12086981000,Florida,Miami-Dade,0.0,0.0
16606,12086990000,Florida,Miami-Dade,0.0,0.0
16607,12087970200,Florida,Monroe,0.0,0.0
16611,12087970600,Florida,Monroe,0.0,0.0
16614,12087970900,Florida,Monroe,0.0,0.0
16621,12087971402,Florida,Monroe,0.0,0.0
16629,12087972100,Florida,Monroe,0.0,0.0
16850,12095016731,Florida,Orange,0.0,0.0
16635,12087980000,Florida,Monroe,0.0,0.0
16636,12087980100,Florida,Monroe,0.0,0.0
16639,12089050201,Florida,Nassau,0.0,0.0
16645,12089050400,Florida,Nassau,0.0,0.0
16646,12089050502,Florida,Nassau,0.0,0.0
16651,12091020301,Florida,Okaloosa,0.0,0.0
16694,12093910300,Florida,Okeechobee,0.0,0.0
16700,12093910602,Florida,Okeechobee,0.0,0.0
16701,12093990000,Florida,Okeechobee,0.0,0.0
16834,12095016602,Florida,Orange,0.0,0.0
17284,12099980400,Florida,Palm Beach,0.0,0.0
17285,12099980500,Florida,Palm Beach,0.0,0.0
17286,12099990100,Florida,Palm Beach,0.0,0.0
17775,12105014104,Florida,Polk,0.0,0.0
17693,12105011722,Florida,Polk,0.0,0.0
17708,12105011911,Florida,Polk,0.0,0.0
17711,12105012001,Florida,Polk,0.0,0.0
17714,12105012004,Florida,Polk,0.0,0.0
17715,12105012111,Florida,Polk,0.0,0.0
17731,12105012307,Florida,Polk,0.0,0.0
17738,12105012408,Florida,Polk,0.0,0.0
17740,12105012410,Florida,Polk,0.0,0.0
17741,12105012411,Florida,Polk,0.0,0.0
17742,12105012502,Florida,Polk,0.0,0.0
17776,12105014105,Florida,Polk,0.0,0.0
17291,12101030204,Florida,Pasco,0.0,0.0
17777,12105014121,Florida,Polk,0.0,0.0
17779,12105014124,Florida,Polk,0.0,0.0
17780,12105014125,Florida,Polk,0.0,0.0
17781,12105014201,Florida,Polk,0.0,0.0
17782,12105014202,Florida,Polk,0.0,0.0
17786,12105014400,Florida,Polk,0.0,0.0
17794,12105014804,Florida,Polk,0.0,0.0
17801,12105015301,Florida,Polk,0.0,0.0
17803,12105015401,Florida,Polk,0.0,0.0
17804,12105015402,Florida,Polk,0.0,0.0
17692,12105011721,Florida,Polk,0.0,0.0
17690,12105011606,Florida,Polk,0.0,0.0
17687,12105011603,Florida,Polk,0.0,0.0
17686,12105011502,Florida,Polk,0.0,0.0
17292,12101030205,Florida,Pasco,0.0,0.0
17332,12101031207,Florida,Pasco,0.0,0.0
17333,12101031208,Florida,Pasco,0.0,0.0
17354,12101031701,Florida,Pasco,0.0,0.0
17365,12101031808,Florida,Pasco,0.0,0.0
17366,12101031809,Florida,Pasco,0.0,0.0
17367,12101031901,Florida,Pasco,0.0,0.0
17368,12101031902,Florida,Pasco,0.0,0.0
17371,12101032005,Florida,Pasco,0.0,0.0
17381,12101032103,Florida,Pasco,0.0,0.0
17383,12101032105,Florida,Pasco,0.0,0.0
17393,12101032300,Florida,Pasco,0.0,0.0
17394,12101032401,Florida,Pasco,0.0,0.0
17399,12101032700,Florida,Pasco,0.0,0.0
17400,12101032801,Florida,Pasco,0.0,0.0
17401,12101032802,Florida,Pasco,0.0,0.0
17417,12101033014,Florida,Pasco,0.0,0.0
17419,12101033102,Florida,Pasco,0.0,0.0
17420,12101990000,Florida,Pasco,0.0,0.0
17619,12103027309,Florida,Pinellas,0.0,0.0
17665,12103990000,Florida,Pinellas,0.0,0.0
16596,12086980100,Florida,Miami-Dade,0.0,0.0
16468,12086010201,Florida,Miami-Dade,0.0,0.0
15586,12061050902,Florida,Indian River,0.0,0.0
15773,12071040208,Florida,Lee,0.0,0.0
15743,12071030100,Florida,Lee,0.0,0.0
15744,12071030201,Florida,Lee,0.0,0.0
15746,12071030203,Florida,Lee,0.0,0.0
15747,12071030204,Florida,Lee,0.0,0.0
15748,12071030300,Florida,Lee,0.0,0.0
15756,12071040115,Florida,Lee,0.0,0.0
15760,12071040119,Florida,Lee,0.0,0.0
15764,12071040123,Florida,Lee,0.0,0.0
15770,12071040205,Florida,Lee,0.0,0.0
15771,12071040206,Florida,Lee,0.0,0.0
15774,12071040209,Florida,Lee,0.0,0.0
15732,12071020101,Florida,Lee,0.0,0.0
15805,12071050312,Florida,Lee,0.0,0.0
15806,12071050313,Florida,Lee,0.0,0.0
15817,12071060300,Florida,Lee,0.0,0.0
15818,12071070101,Florida,Lee,0.0,0.0
15819,12071070102,Florida,Lee,0.0,0.0
15820,12071070200,Florida,Lee,0.0,0.0
15821,12071080100,Florida,Lee,0.0,0.0
15823,12071080203,Florida,Lee,0.0,0.0
15824,12071080204,Florida,Lee,0.0,0.0
15826,12071090100,Florida,Lee,0.0,0.0
15735,12071020202,Florida,Lee,0.0,0.0
15702,12071010102,Florida,Lee,0.0,0.0
16357,12086008000,Florida,Miami-Dade,0.0,0.0
15620,12069030306,Florida,Lake,0.0,0.0
15589,12061980000,Florida,Indian River,0.0,0.0
15590,12063210100,Florida,Jackson,0.0,0.0
15592,12063210300,Florida,Jackson,0.0,0.0
15596,12063210700,Florida,Jackson,0.0,0.0
15598,12063210900,Florida,Jackson,0.0,0.0
15607,12069030104,Florida,Lake,0.0,0.0
15609,12069030106,Florida,Lake,0.0,0.0
15611,12069030108,Florida,Lake,0.0,0.0
15618,12069030302,Florida,Lake,0.0,0.0
15619,12069030305,Florida,Lake,0.0,0.0
15624,12069030406,Florida,Lake,0.0,0.0
15661,12069031311,Florida,Lake,0.0,0.0
15628,12069030410,Florida,Lake,0.0,0.0
15630,12069030502,Florida,Lake,0.0,0.0
15633,12069030601,Florida,Lake,0.0,0.0
15646,12069031000,Florida,Lake,0.0,0.0
15648,12069031102,Florida,Lake,0.0,0.0
15649,12069031103,Florida,Lake,0.0,0.0
15651,12069031203,Florida,Lake,0.0,0.0
15652,12069031204,Florida,Lake,0.0,0.0
15654,12069031301,Florida,Lake,0.0,0.0
15660,12069031310,Florida,Lake,0.0,0.0
15827,12071980000,Florida,Lee,0.0,0.0
15869,12073002302,Florida,Leon,0.0,0.0
15871,12073002304,Florida,Leon,0.0,0.0
16039,12083002401,Florida,Marion,0.0,0.0
15999,12083000602,Florida,Marion,0.0,0.0
16001,12083000605,Florida,Marion,0.0,0.0
16003,12083000702,Florida,Marion,0.0,0.0
16006,12083000901,Florida,Marion,0.0,0.0
16007,12083000902,Florida,Marion,0.0,0.0
16008,12083001003,Florida,Marion,0.0,0.0
16011,12083001006,Florida,Marion,0.0,0.0
16015,12083001103,Florida,Marion,0.0,0.0
16018,12083001205,Florida,Marion,0.0,0.0
16026,12083001500,Florida,Marion,0.0,0.0
16040,12083002402,Florida,Marion,0.0,0.0
15875,12073002411,Florida,Leon,0.0,0.0
16046,12083002604,Florida,Marion,0.0,0.0
16047,12083002605,Florida,Marion,0.0,0.0
16050,12083002702,Florida,Marion,0.0,0.0
16051,12083980000,Florida,Marion,0.0,0.0
16052,12083980100,Florida,Marion,0.0,0.0
16075,12085001404,Florida,Martin,0.0,0.0
16076,12085001406,Florida,Martin,0.0,0.0
16083,12085001602,Florida,Martin,0.0,0.0
16084,12085001700,Florida,Martin,0.0,0.0
16087,12085990100,Florida,Martin,0.0,0.0
15998,12083000601,Florida,Marion,0.0,0.0
15997,12083000502,Florida,Marion,0.0,0.0
15995,12083000402,Florida,Marion,0.0,0.0
15994,12083000401,Florida,Marion,0.0,0.0
15880,12073002416,Florida,Leon,0.0,0.0
15883,12073002507,Florida,Leon,0.0,0.0
15889,12073002513,Florida,Leon,0.0,0.0
15890,12073002603,Florida,Leon,0.0,0.0
15891,12073002604,Florida,Leon,0.0,0.0
15893,12073002606,Florida,Leon,0.0,0.0
15896,12075970101,Florida,Levy,0.0,0.0
15897,12075970102,Florida,Levy,0.0,0.0
15900,12075970302,Florida,Levy,0.0,0.0
15904,12075970700,Florida,Levy,0.0,0.0
15909,12079110301,Florida,Madison,0.0,0.0
15910,12079110302,Florida,Madison,0.0,0.0
15956,12081001204,Florida,Manatee,0.0,0.0
15964,12081001602,Florida,Manatee,0.0,0.0
15969,12081001904,Florida,Manatee,0.0,0.0
15974,12081001911,Florida,Manatee,0.0,0.0
15975,12081001912,Florida,Manatee,0.0,0.0
15976,12081001913,Florida,Manatee,0.0,0.0
15986,12081002014,Florida,Manatee,0.0,0.0
15992,12083000301,Florida,Marion,0.0,0.0
15993,12083000302,Florida,Marion,0.0,0.0
